,hosts,hostnames,sport,size,date,teamate,location
0,4496,DonaldWeimer1884,rugby,10,<built-in method date of datetime.datetime object at 0x000002937A9E3060>,"[736, 4829, 1600, 4267, 9112, 4375, 5270, 9569, 5187, 3745]",Kreuzberg
1,2833,ElizabethMonat381,rugby,17,<built-in method date of datetime.datetime object at 0x0000029316F85E40>,"[586, 5852, 7742, 6378, 4207, 1688, 7695, 4778, 1254, 1479, 773, 9896, 3535, 7288, 3314, 6355, 4395]",Prenzlauer Berg
2,1808,EugeneSchrock962,volley,20,<built-in method date of datetime.datetime object at 0x0000029316F85E10>,"[5829, 9659, 916, 8369, 9463, 4933, 8630, 8350, 2305, 7710, 9158, 7338, 4993, 8639, 3241, 7242, 1324, 1829, 4829, 1692]",Friedrichshain
3,4968,BeckyRichardson101,volley,16,<built-in method date of datetime.datetime object at 0x0000029316F85DB0>,"[2429, 416, 6653, 9545, 3837, 5850, 1296, 2664, 5656, 2521, 9338, 6986, 554, 1535, 8266, 2773]",Kreuzberg
4,7083,VivianBlack1273,basketball,12,<built-in method date of datetime.datetime object at 0x0000029316F86AB0>,"[8551, 4090, 3865, 9319, 278, 6246, 1528, 9345, 471, 2898, 5966, 2625]",Berlin-Mitte
5,397,RichardGentile668,yoga,12,<built-in method date of datetime.datetime object at 0x0000029379351C60>,"[3922, 6177, 2310, 7216, 9669, 6875, 4710, 5587, 6283, 2138, 8787, 9358]",Friedrichshain
6,25,TimothyFrazier901,rugby,19,<built-in method date of datetime.datetime object at 0x0000029316F86B10>,"[1540, 5205, 460, 6984, 8953, 819, 9015, 619, 3178, 665, 11, 8599, 8273, 7387, 1196, 7906, 8234, 2587, 2552]",Charlottenburg
7,7624,MarkMcmahon847,rugby,12,<built-in method date of datetime.datetime object at 0x000002937A9FA5A0>,"[180, 3504, 2666, 5261, 1305, 6244, 7883, 6364, 4973, 8400, 5515, 5152]",Prenzlauer Berg
8,8369,TristanHommell185,volley,8,<built-in method date of datetime.datetime object at 0x000002937A9FA600>,"[5117, 1845, 1242, 6251, 5054, 793, 7014, 3210]",Charlottenburg
9,20,ReneeWilson1107,rugby,15,<built-in method date of datetime.datetime object at 0x000002937A9FA6C0>,"[7105, 4681, 2803, 5632, 6528, 5811, 2520, 4426, 4557, 8304, 8440, 9554, 913, 907, 7453]",Charlottenburg
10,4544,FayHarris764,volley,9,<built-in method date of datetime.datetime object at 0x000002937A9FA690>,"[3407, 864, 5548, 6895, 635, 9246, 3308, 1780, 9814]",Berlin-Mitte
11,8016,RobertStoglin1350,basketball,19,<built-in method date of datetime.datetime object at 0x000002937A9FA660>,"[3638, 7487, 8570, 5575, 3790, 323, 8581, 9855, 7163, 8276, 7792, 7137, 1328, 1561, 5408, 6178, 8383, 8720, 180]",Friedrichshain
12,3655,GerryFrantz1928,football,20,<built-in method date of datetime.datetime object at 0x000002937A9FA8A0>,"[3371, 9466, 9200, 2540, 9368, 9120, 7754, 247, 5393, 7225, 6640, 1266, 3273, 7937, 8086, 8367, 879, 4344, 9854, 2778]",Berlin-Mitte
13,6356,TylerBreedlove1770,basketball,21,<built-in method date of datetime.datetime object at 0x000002937A9FA840>,"[7899, 8877, 8708, 9319, 4903, 8204, 6784, 9799, 4499, 491, 4848, 1929, 7822, 6520, 6723, 4424, 8118, 8812, 7463, 9800, 9877]",Neukolln
14,3252,JamesClapp515,football,13,<built-in method date of datetime.datetime object at 0x000002937A9FA8D0>,"[1376, 8577, 1987, 3651, 8669, 3319, 6236, 6101, 1881, 5744, 204, 3372, 6842]",Neukolln
15,4750,GordonRiggins1107,rugby,19,<built-in method date of datetime.datetime object at 0x000002937A9FA720>,"[7005, 4640, 7981, 894, 3184, 6285, 7119, 4161, 5685, 7984, 7062, 6855, 3047, 9547, 6011, 8359, 4601, 4351, 9504]",Friedrichshain
16,9745,CarolRuiz959,volley,17,<built-in method date of datetime.datetime object at 0x000002937A9FA7B0>,"[2453, 3589, 1516, 7324, 8773, 2254, 9651, 2608, 4906, 8429, 7712, 4301, 9681, 3210, 9273, 1720, 4395]",Friedrichshain
17,6744,ViolaBrion54,volley,22,<built-in method date of datetime.datetime object at 0x000002937A9FA7E0>,"[5358, 3295, 3242, 7885, 3307, 4503, 2224, 4603, 6009, 10, 6571, 66, 5485, 1946, 9686, 7748, 3564, 4721, 7583, 7537, 6937, 7791]",Prenzlauer Berg
18,5442,NancyBradshaw1771,yoga,15,<built-in method date of datetime.datetime object at 0x000002937A9FA810>,"[3307, 1077, 702, 1969, 6261, 4474, 7028, 5243, 6344, 1131, 1745, 4828, 8912, 4965, 1129]",Berlin-Mitte
19,7378,MarkHudson473,volley,9,<built-in method date of datetime.datetime object at 0x000002937A9FA930>,"[2940, 8440, 8866, 2037, 3653, 4178, 7071, 6739, 7083]",Prenzlauer Berg
20,7515,MaryEaston1760,basketball,9,<built-in method date of datetime.datetime object at 0x000002937A9FA960>,"[3747, 5305, 847, 1160, 8356, 1425, 9266, 5851, 7717]",Friedrichshain
21,3392,BryanAcevedo8,volley,21,<built-in method date of datetime.datetime object at 0x000002937A9FA990>,"[5913, 2190, 5148, 694, 5022, 9518, 1618, 5108, 456, 9523, 1884, 3332, 1494, 6693, 3557, 9805, 1160, 9128, 6930, 385, 9590]",Neukolln
22,3550,JudsonFontenette1931,rugby,19,<built-in method date of datetime.datetime object at 0x000002937A9FA9C0>,"[1720, 2728, 4812, 5544, 6045, 5291, 7931, 1854, 3757, 31, 8950, 2582, 6464, 6936, 5662, 379, 4478, 1745, 3674]",Prenzlauer Berg
23,5912,DavidImmediato839,volley,21,<built-in method date of datetime.datetime object at 0x000002937A9FA9F0>,"[1223, 3162, 6874, 9894, 6292, 8096, 3539, 990, 3210, 2089, 2507, 7591, 8677, 5241, 3372, 3974, 7608, 3095, 818, 4116, 6512]",Kreuzberg
24,9661,ThomasWilhelm948,football,12,<built-in method date of datetime.datetime object at 0x000002937A9FAA20>,"[8870, 6422, 1577, 3030, 6626, 7021, 9022, 8246, 4101, 5578, 6947, 8136]",Friedrichshain
25,97,ThomasMose1837,rugby,13,<built-in method date of datetime.datetime object at 0x000002937A9FAA50>,"[8258, 4170, 2885, 3760, 2916, 2929, 7839, 9596, 6932, 1202, 9160, 5500, 393]",Charlottenburg
26,7244,DonaldTatum999,football,16,<built-in method date of datetime.datetime object at 0x000002937A9FAA80>,"[1815, 6772, 7628, 8880, 6284, 1149, 1587, 7006, 2561, 1396, 6767, 4075, 726, 1371, 3078, 1882]",Friedrichshain
27,1882,JeffreyWilliams119,yoga,9,<built-in method date of datetime.datetime object at 0x000002937A9FAAB0>,"[8717, 6899, 5639, 601, 5690, 6637, 3691, 4888, 6021]",Charlottenburg
28,6089,JoshuaClark926,basketball,18,<built-in method date of datetime.datetime object at 0x000002937A9FAAE0>,"[2929, 6958, 1374, 4552, 9481, 8277, 6959, 5475, 7809, 2380, 1362, 9821, 9988, 578, 1386, 3635, 5950, 6131]",Charlottenburg
29,3228,JustinJohnson960,volley,9,<built-in method date of datetime.datetime object at 0x000002937A9FAB10>,"[8205, 4577, 7712, 550, 7761, 941, 1880, 8179, 9659]",Berlin-Mitte
30,9564,MelissaBrown715,football,19,<built-in method date of datetime.datetime object at 0x000002937A9FAB40>,"[1653, 7057, 7288, 2596, 5861, 1240, 8088, 7609, 3926, 1316, 4013, 7841, 2390, 5962, 4544, 6004, 8715, 4570, 6837]",Neukolln
31,9299,MichaelBruner967,yoga,20,<built-in method date of datetime.datetime object at 0x000002937A9FAB70>,"[3720, 7200, 5775, 2743, 1951, 3987, 7363, 3521, 2962, 2566, 6332, 5563, 6304, 6378, 1701, 8218, 946, 2216, 7284, 5047]",Charlottenburg
32,894,AndrewSanders1192,basketball,21,<built-in method date of datetime.datetime object at 0x000002937A9FABA0>,"[88, 2373, 6704, 6152, 466, 5141, 8169, 8427, 7284, 8089, 8272, 3349, 6385, 2504, 1857, 2510, 1165, 4450, 7470, 4240, 3416]",Charlottenburg
33,493,DonaldBell1152,rugby,21,<built-in method date of datetime.datetime object at 0x000002937A9FABD0>,"[8843, 1375, 2353, 9430, 7109, 7699, 4230, 1581, 1483, 1670, 5254, 7909, 9854, 2990, 752, 827, 9764, 9034, 1623, 6244, 1552]",Berlin-Mitte
34,2334,MerleRyan313,basketball,18,<built-in method date of datetime.datetime object at 0x000002937A9FAC00>,"[9119, 7148, 2527, 7172, 1070, 8472, 6968, 2205, 3788, 7941, 3253, 9735, 8129, 1542, 6813, 1999, 5910, 1771]",Neukolln
35,2256,PeteSimmons793,basketball,12,<built-in method date of datetime.datetime object at 0x000002937A9FAC30>,"[2601, 9052, 1535, 1317, 1664, 1018, 4770, 2637, 2248, 9410, 6021, 8918]",Charlottenburg
36,6996,DaisyWagner1984,yoga,16,<built-in method date of datetime.datetime object at 0x000002937A9FAC60>,"[8960, 7507, 2668, 1101, 2852, 7856, 7290, 2076, 7382, 6553, 4854, 340, 6432, 9261, 3770, 912]",Kreuzberg
37,8471,EvaGarza1661,football,9,<built-in method date of datetime.datetime object at 0x000002937A9FAC90>,"[5141, 9180, 4670, 9923, 618, 4716, 9285, 3103, 2872]",Berlin-Mitte
38,2526,PamelaSanders404,basketball,15,<built-in method date of datetime.datetime object at 0x000002937A9FACC0>,"[5367, 5137, 2192, 4032, 4590, 2066, 8419, 5192, 8669, 7348, 1576, 8928, 6813, 4506, 5157]",Charlottenburg
39,9435,MiguelKjellman1220,yoga,17,<built-in method date of datetime.datetime object at 0x000002937A9FACF0>,"[1166, 4830, 6250, 3557, 4788, 7973, 5997, 4128, 3279, 1424, 5013, 9320, 5232, 2845, 5315, 305, 6455]",Neukolln
40,787,JaniceSearle1615,rugby,9,<built-in method date of datetime.datetime object at 0x000002937A9FAD20>,"[4935, 7085, 1290, 3308, 5799, 4303, 308, 5623, 7857]",Friedrichshain
41,9911,BettyLalonde142,football,10,<built-in method date of datetime.datetime object at 0x000002937A9FAD50>,"[8659, 9254, 9280, 3506, 7536, 6032, 6363, 2244, 74, 8400]",Prenzlauer Berg
42,5260,RyanWard360,rugby,21,<built-in method date of datetime.datetime object at 0x000002937A9FAD80>,"[9392, 9016, 9321, 3933, 4097, 9359, 9311, 3075, 6574, 2703, 7796, 7288, 6369, 2909, 9705, 7483, 6062, 9949, 4906, 2110, 2675]",Friedrichshain
43,4116,DonaldSieck1135,basketball,21,<built-in method date of datetime.datetime object at 0x000002937A9FADB0>,"[1692, 2801, 8255, 2819, 7318, 5903, 5167, 5123, 7250, 4738, 6482, 4507, 6333, 5413, 5835, 6705, 2188, 1103, 1910, 988, 1669]",Kreuzberg
44,967,MarianneFord541,volley,10,<built-in method date of datetime.datetime object at 0x000002937A9FADE0>,"[2353, 5296, 8034, 4575, 2875, 2424, 1709, 2198, 1603, 2362]",Prenzlauer Berg
45,7453,PatriciaDesimone43,basketball,18,<built-in method date of datetime.datetime object at 0x000002937A9FAE10>,"[3701, 3941, 1900, 6528, 2486, 6752, 4979, 4103, 9133, 5887, 2672, 6335, 2112, 9169, 2505, 794, 7331, 8161]",Prenzlauer Berg
46,6502,DonaldMorris1709,yoga,10,<built-in method date of datetime.datetime object at 0x000002937A9FAE40>,"[8882, 9206, 2986, 4968, 9650, 4565, 8175, 6380, 2962, 2064]",Kreuzberg
47,680,MelissaStommes1073,football,20,<built-in method date of datetime.datetime object at 0x000002937A9FAE70>,"[1493, 3438, 797, 4506, 5499, 246, 1638, 3, 6556, 252, 2977, 4540, 3999, 6789, 9643, 8307, 2728, 6783, 8532, 8271]",Friedrichshain
48,7373,GaryNickerson1451,yoga,18,<built-in method date of datetime.datetime object at 0x000002937A9FAEA0>,"[9768, 3341, 5067, 5088, 3805, 6292, 4619, 425, 4367, 2948, 9468, 6967, 540, 7478, 529, 285, 4402, 1539]",Prenzlauer Berg
49,6375,DanielFarlow890,rugby,15,<built-in method date of datetime.datetime object at 0x000002937A9FAED0>,"[523, 3058, 7159, 9389, 6732, 8085, 8198, 4257, 7999, 7148, 351, 7983, 9999, 9320, 117]",Neukolln
50,3883,WadeParker1062,yoga,20,<built-in method date of datetime.datetime object at 0x000002937A9FAF00>,"[5626, 5142, 6318, 2921, 6084, 7635, 1871, 2195, 8575, 4372, 9208, 1464, 2010, 4647, 8872, 1051, 2925, 4023, 4716, 4337]",Neukolln
51,8844,GennaSmith69,basketball,15,<built-in method date of datetime.datetime object at 0x000002937A9FAF30>,"[7697, 3821, 2163, 3112, 8005, 7180, 3363, 9583, 9701, 6168, 1256, 1417, 5084, 3717, 803]",Neukolln
52,3682,MarySheldon440,yoga,12,<built-in method date of datetime.datetime object at 0x000002937A9FAF60>,"[5482, 7659, 2172, 3177, 5049, 9057, 586, 1584, 6296, 8868, 6664, 4779]",Berlin-Mitte
53,4297,AnthonyNumbers629,yoga,10,<built-in method date of datetime.datetime object at 0x000002937A9FAF90>,"[3824, 5737, 656, 6580, 1204, 5226, 2014, 1679, 2679, 73]",Berlin-Mitte
54,661,AliceNetterville1680,yoga,9,<built-in method date of datetime.datetime object at 0x000002937A9FAFC0>,"[6001, 591, 7398, 4210, 738, 8008, 1598, 6239, 233]",Friedrichshain
55,792,KimberlyAmes637,rugby,19,<built-in method date of datetime.datetime object at 0x000002937BB69030>,"[7375, 5586, 8468, 8954, 8590, 1385, 9618, 5635, 342, 2174, 3420, 7527, 531, 6870, 1658, 184, 598, 4234, 1384]",Berlin-Mitte
56,8531,StevenManning1147,volley,22,<built-in method date of datetime.datetime object at 0x000002937BB69060>,"[3942, 1051, 916, 7592, 223, 9041, 9541, 2665, 7307, 8310, 328, 5757, 1544, 3838, 2763, 2676, 2152, 8512, 5085, 5493, 6090, 794]",Neukolln
57,2122,KevinCarter847,football,12,<built-in method date of datetime.datetime object at 0x000002937BB69090>,"[7021, 6589, 8533, 4370, 5715, 560, 7515, 3861, 7814, 9339, 642, 8472]",Neukolln
58,2098,MariaRoberts464,basketball,13,<built-in method date of datetime.datetime object at 0x000002937BB690C0>,"[8858, 6600, 4395, 9991, 514, 2063, 816, 4326, 7573, 1321, 9658, 9917, 6761]",Neukolln
59,7460,KarenErler839,basketball,17,<built-in method date of datetime.datetime object at 0x000002937BB690F0>,"[9170, 5015, 4349, 2692, 4374, 6893, 4169, 4867, 3800, 7199, 6993, 1807, 910, 7627, 3544, 6324, 314]",Kreuzberg
60,7495,LindaMerrill844,yoga,21,<built-in method date of datetime.datetime object at 0x000002937BB69120>,"[5294, 1833, 436, 8758, 1113, 3002, 346, 3655, 9323, 9845, 2136, 840, 3040, 9753, 715, 6849, 967, 4257, 2176, 7633, 2225]",Charlottenburg
61,4036,SandraDale1087,football,8,<built-in method date of datetime.datetime object at 0x000002937BB69150>,"[5603, 1717, 1813, 1512, 688, 454, 3758, 2893]",Prenzlauer Berg
62,7735,ManuelDunagan250,rugby,9,<built-in method date of datetime.datetime object at 0x000002937BB69180>,"[1087, 9894, 1022, 4586, 212, 1838, 6479, 1145, 2818]",Kreuzberg
63,5414,IrisCallahan1975,yoga,19,<built-in method date of datetime.datetime object at 0x000002937BB691B0>,"[7261, 8467, 1944, 6099, 1468, 6242, 7374, 5193, 6021, 1973, 9442, 6976, 3140, 7753, 375, 3352, 1007, 350, 124]",Prenzlauer Berg
64,118,DuaneGrier1673,football,18,<built-in method date of datetime.datetime object at 0x000002937BB691E0>,"[7729, 7548, 2944, 2136, 4408, 5698, 8580, 7071, 2166, 8712, 2222, 1208, 4094, 6690, 2984, 8216, 5059, 1441]",Prenzlauer Berg
65,3165,EdgardoSanchez1515,football,19,<built-in method date of datetime.datetime object at 0x000002937BB69210>,"[6354, 8564, 1041, 6169, 6861, 841, 7352, 5036, 6515, 7677, 8234, 9556, 638, 6983, 8522, 6956, 3231, 3544, 5062]",Berlin-Mitte
66,7254,ShirleyBarnhardt761,volley,17,<built-in method date of datetime.datetime object at 0x000002937BB69240>,"[224, 9523, 3051, 5739, 1235, 1166, 570, 2224, 2974, 5165, 441, 9427, 288, 4666, 1126, 142, 5984]",Friedrichshain
67,4072,AlfredoRodriguez22,volley,21,<built-in method date of datetime.datetime object at 0x000002937BB69270>,"[513, 8432, 8236, 6925, 260, 6743, 1925, 5490, 3240, 5858, 7344, 2495, 2094, 6630, 6296, 5840, 6327, 6323, 4287, 5435, 8938]",Prenzlauer Berg
68,4511,CharlesRuffin902,yoga,13,<built-in method date of datetime.datetime object at 0x000002937BB692A0>,"[882, 2153, 6266, 9231, 4250, 1971, 758, 9562, 1912, 266, 347, 5968, 9219]",Charlottenburg
69,2988,EthelBurger1681,basketball,18,<built-in method date of datetime.datetime object at 0x000002937BB692D0>,"[4353, 8554, 9709, 8118, 3258, 5935, 3466, 7873, 2089, 1330, 1625, 2306, 1441, 5057, 2952, 4987, 8259, 6717]",Friedrichshain
70,130,ElizabethGee502,rugby,8,<built-in method date of datetime.datetime object at 0x000002937BB69300>,"[6235, 1369, 5241, 5437, 5331, 2929, 7783, 2364]",Neukolln
71,4483,MarthaBlanton241,football,13,<built-in method date of datetime.datetime object at 0x000002937BB69330>,"[2012, 147, 5549, 6519, 1246, 4977, 8682, 9326, 595, 3775, 4738, 5097, 9300]",Berlin-Mitte
72,6511,PatriciaVelasquez770,football,11,<built-in method date of datetime.datetime object at 0x000002937BB69360>,"[3444, 6805, 2517, 903, 8832, 594, 367, 3105, 6484, 2014, 287]",Neukolln
73,1899,GenevieveEldred1155,volley,22,<built-in method date of datetime.datetime object at 0x000002937BB69390>,"[2764, 2538, 422, 2385, 1623, 4672, 8259, 8103, 9986, 5585, 3722, 9385, 343, 3189, 743, 4834, 1046, 3684, 5380, 2763, 996, 2372]",Charlottenburg
74,9092,PaulineHodge740,yoga,13,<built-in method date of datetime.datetime object at 0x000002937BB693C0>,"[5487, 5464, 736, 3253, 1405, 7631, 5294, 2371, 9236, 8296, 6545, 9325, 1134]",Neukolln
75,2885,EllisSegura344,volley,15,<built-in method date of datetime.datetime object at 0x000002937BB693F0>,"[6437, 4587, 2014, 9516, 1646, 3618, 5228, 4767, 7398, 4226, 7148, 8470, 8036, 5176, 679]",Friedrichshain
76,3976,GordonRangnow875,volley,20,<built-in method date of datetime.datetime object at 0x000002937BB69420>,"[9887, 8356, 5365, 9716, 8609, 8488, 841, 9656, 3325, 1367, 8189, 2181, 8835, 1374, 5722, 3943, 2684, 3293, 8254, 8939]",Neukolln
77,5137,AmyKessler1949,volley,9,<built-in method date of datetime.datetime object at 0x000002937BB69450>,"[759, 4109, 9241, 6355, 4139, 6032, 792, 9539, 7888]",Neukolln
78,1420,RuthHernandez637,volley,13,<built-in method date of datetime.datetime object at 0x000002937BB69480>,"[2825, 8693, 9268, 2960, 6460, 1815, 1288, 1574, 6731, 2416, 4401, 2957, 5927]",Neukolln
79,7995,TinaKoch962,rugby,10,<built-in method date of datetime.datetime object at 0x000002937BB694B0>,"[4900, 4500, 4231, 5815, 8171, 3150, 9146, 9127, 7215, 8638]",Kreuzberg
80,1951,KristenKierzewski421,basketball,18,<built-in method date of datetime.datetime object at 0x000002937BB694E0>,"[6051, 2031, 4740, 3677, 8870, 8613, 4365, 773, 9627, 6915, 9397, 9481, 8607, 3956, 4170, 9533, 6868, 2981]",Berlin-Mitte
81,1797,JoyceGlisson18,yoga,8,<built-in method date of datetime.datetime object at 0x000002937BB69510>,"[9666, 221, 9915, 9299, 5232, 5670, 6663, 5480]",Prenzlauer Berg
82,5296,EthelCardenas1825,volley,22,<built-in method date of datetime.datetime object at 0x000002937BB69540>,"[3733, 4223, 7033, 7068, 318, 2722, 3600, 6396, 352, 2800, 3898, 1235, 4770, 586, 5613, 7406, 4978, 2179, 5530, 3619, 7880, 8649]",Neukolln
83,7602,JamesDavis1996,rugby,18,<built-in method date of datetime.datetime object at 0x000002937BB69570>,"[6819, 8925, 2891, 5735, 3576, 7354, 7101, 8303, 1140, 111, 7029, 6369, 8217, 7955, 1695, 8726, 649, 4037]",Charlottenburg
84,1820,BarbaraEverett150,basketball,13,<built-in method date of datetime.datetime object at 0x000002937BB695A0>,"[8999, 6941, 7802, 6763, 7550, 3235, 3432, 1411, 6270, 1911, 3739, 3950, 814]",Friedrichshain
85,6313,RaymondFuson578,volley,19,<built-in method date of datetime.datetime object at 0x000002937BB695D0>,"[3218, 9874, 1264, 6157, 9736, 5467, 6558, 2067, 9489, 6265, 2953, 4978, 8232, 3122, 3073, 1354, 5226, 3570, 6631]",Berlin-Mitte
86,5545,PearlSavage1119,basketball,18,<built-in method date of datetime.datetime object at 0x000002937BB69600>,"[237, 749, 6217, 9646, 8360, 2761, 4870, 9541, 5838, 44, 10000, 4193, 9916, 9939, 8277, 1597, 2455, 3713]",Friedrichshain
87,2184,BrianDurkin1621,volley,20,<built-in method date of datetime.datetime object at 0x000002937BB69630>,"[2052, 8683, 4547, 9279, 7990, 3276, 2812, 468, 7891, 9481, 1171, 6031, 9781, 5176, 4095, 8857, 6788, 6509, 8241, 4493]",Berlin-Mitte
88,1865,StephenMcintosh346,rugby,10,<built-in method date of datetime.datetime object at 0x000002937BB69660>,"[2504, 2690, 6264, 6144, 3608, 648, 5574, 8163, 7136, 4513]",Friedrichshain
89,1161,VioletAllison255,football,19,<built-in method date of datetime.datetime object at 0x000002937BB69690>,"[499, 2084, 9283, 3643, 9608, 9498, 5217, 2843, 8923, 4130, 2824, 4718, 5564, 2798, 1919, 4938, 3482, 1429, 3765]",Charlottenburg
90,6768,BarbaraFrausto726,rugby,20,<built-in method date of datetime.datetime object at 0x000002937BB696C0>,"[1062, 258, 2818, 2129, 5529, 7195, 4418, 9933, 2111, 8774, 7657, 4944, 353, 3389, 1282, 7836, 8030, 5858, 9830, 9033]",Friedrichshain
91,4093,RickeyRaio1627,rugby,8,<built-in method date of datetime.datetime object at 0x000002937BB696F0>,"[4558, 2642, 7218, 7230, 3186, 8129, 8469, 2335]",Kreuzberg
92,5538,ManuelArteaga1728,football,15,<built-in method date of datetime.datetime object at 0x000002937BB69720>,"[3263, 6362, 5438, 290, 805, 7919, 9795, 6212, 6819, 8885, 4873, 1289, 5949, 931, 2619]",Charlottenburg
93,4720,TimothyTrice1515,rugby,15,<built-in method date of datetime.datetime object at 0x000002937BB69750>,"[797, 9190, 1080, 4338, 6782, 2663, 9405, 79, 9326, 7583, 7074, 7494, 9046, 2482, 841]",Charlottenburg
94,1394,MelissaMahn1176,volley,21,<built-in method date of datetime.datetime object at 0x000002937BB69780>,"[3336, 9861, 3789, 756, 5221, 2852, 3414, 6993, 7237, 1576, 5834, 2818, 873, 9436, 4112, 4961, 7582, 9323, 2566, 7184, 7952]",Neukolln
95,5333,KeithGustafson779,yoga,12,<built-in method date of datetime.datetime object at 0x000002937BB697B0>,"[6202, 5040, 6637, 7131, 6350, 9128, 5596, 3599, 1808, 5659, 3802, 5352]",Kreuzberg
96,9457,MargaritaDurgan1652,rugby,18,<built-in method date of datetime.datetime object at 0x000002937BB697E0>,"[9016, 4230, 6439, 4798, 8699, 3813, 9621, 1312, 2845, 1196, 2110, 1577, 8841, 911, 8055, 4038, 8185, 4531]",Berlin-Mitte
97,900,MarionMorrill1070,football,11,<built-in method date of datetime.datetime object at 0x000002937BB69810>,"[3589, 9811, 549, 3616, 2477, 9681, 9635, 5857, 969, 7878, 2627]",Friedrichshain
98,1771,LauraWontor1643,volley,16,<built-in method date of datetime.datetime object at 0x000002937BB69840>,"[52, 9763, 7765, 6475, 8662, 9694, 1558, 8278, 6924, 6247, 2922, 3767, 4681, 4299, 7823, 4145]",Berlin-Mitte
99,79,DebraMarshall275,basketball,21,<built-in method date of datetime.datetime object at 0x000002937BB69870>,"[3652, 5528, 8638, 4135, 5080, 3268, 4462, 8928, 8331, 814, 1745, 2050, 1678, 7746, 887, 1302, 727, 812, 6933, 1317, 7556]",Berlin-Mitte
100,1328,RyanHart1278,rugby,16,<built-in method date of datetime.datetime object at 0x000002937BB698A0>,"[2283, 2598, 4851, 9673, 9720, 7361, 4270, 94, 4790, 6724, 4344, 9802, 1145, 7354, 7755, 7327]",Prenzlauer Berg
101,1018,LaverneLemmon2,basketball,10,<built-in method date of datetime.datetime object at 0x000002937BB698D0>,"[1070, 8544, 2463, 5097, 3941, 6468, 4548, 9288, 5368, 9685]",Prenzlauer Berg
102,7514,EdwinMckee125,yoga,8,<built-in method date of datetime.datetime object at 0x000002937BB69900>,"[2889, 4302, 5920, 7469, 4043, 7078, 949, 6204]",Friedrichshain
103,5315,EdwardMorales1543,volley,15,<built-in method date of datetime.datetime object at 0x000002937BB69930>,"[942, 7238, 8420, 3399, 5437, 923, 7698, 6616, 2420, 7218, 2055, 1082, 3330, 8510, 4815]",Prenzlauer Berg
104,4332,BarbaraMailloux1953,rugby,15,<built-in method date of datetime.datetime object at 0x000002937BB69960>,"[1459, 3972, 7803, 1422, 8754, 2656, 2928, 7066, 5046, 1865, 5782, 9570, 3594, 3987, 4273]",Charlottenburg
105,5709,AnnBlanche1875,yoga,13,<built-in method date of datetime.datetime object at 0x000002937BB69990>,"[7734, 3760, 9705, 5947, 3839, 7927, 4538, 8398, 2551, 823, 7621, 5881, 1737]",Prenzlauer Berg
106,7986,GracielaMoore627,basketball,19,<built-in method date of datetime.datetime object at 0x000002937BB699C0>,"[2379, 7680, 6040, 6513, 481, 5542, 2582, 6865, 8284, 7112, 688, 6055, 7341, 4860, 9004, 7831, 2339, 8788, 6149]",Prenzlauer Berg
107,8552,MaryMcallister1726,volley,20,<built-in method date of datetime.datetime object at 0x000002937BB699F0>,"[625, 4784, 1366, 9452, 9801, 4333, 9927, 7269, 7011, 1483, 80, 9360, 1955, 103, 9525, 9513, 6718, 9880, 797, 1340]",Neukolln
108,1405,AshleyCampbell124,rugby,13,<built-in method date of datetime.datetime object at 0x000002937BB69A20>,"[5145, 8653, 9743, 6905, 2726, 5255, 2298, 3055, 1242, 5564, 6152, 9624, 2163]",Neukolln
109,7470,TommieWilson1054,volley,18,<built-in method date of datetime.datetime object at 0x000002937BB69A50>,"[4345, 357, 6861, 44, 7407, 3049, 1796, 1378, 1545, 5401, 471, 5995, 4845, 6211, 9667, 5230, 6717, 7446]",Neukolln
110,2894,VelmaHodge1641,basketball,13,<built-in method date of datetime.datetime object at 0x000002937BB69A80>,"[604, 3245, 6668, 2439, 7465, 9643, 8232, 5120, 2135, 2856, 511, 6831, 2305]",Berlin-Mitte
111,4537,LindaScott1332,football,17,<built-in method date of datetime.datetime object at 0x000002937BB69AB0>,"[946, 4227, 5040, 2792, 8795, 4010, 2270, 3054, 4126, 5012, 7148, 9792, 2330, 2460, 2923, 1621, 2088]",Berlin-Mitte
112,8297,SaraPittman1411,volley,19,<built-in method date of datetime.datetime object at 0x000002937BB69AE0>,"[4573, 8971, 6921, 1237, 6077, 536, 1981, 6446, 94, 685, 2190, 4832, 3678, 1503, 9985, 5952, 3054, 1374, 1878]",Kreuzberg
113,7989,DawnRodriguez874,football,13,<built-in method date of datetime.datetime object at 0x000002937BB69B10>,"[1454, 1249, 2173, 1761, 4521, 7748, 6760, 411, 5061, 2204, 4188, 3527, 2807]",Kreuzberg
114,4165,LaurenReid1352,rugby,14,<built-in method date of datetime.datetime object at 0x000002937BB69B40>,"[5568, 1782, 5645, 6393, 6764, 4879, 2164, 5340, 3397, 4557, 336, 7191, 6576, 4318]",Prenzlauer Berg
115,5633,MacieGunter846,football,19,<built-in method date of datetime.datetime object at 0x000002937BB69B70>,"[228, 3023, 3434, 6434, 4281, 9695, 7482, 2867, 9680, 5498, 7716, 2751, 9056, 5998, 2640, 57, 4692, 418, 5678]",Prenzlauer Berg
116,1396,BethRule1426,basketball,12,<built-in method date of datetime.datetime object at 0x000002937BB69BA0>,"[5347, 7478, 176, 2080, 1053, 3882, 4399, 2985, 4549, 5861, 9303, 5114]",Berlin-Mitte
117,2742,DavidRivera1340,yoga,17,<built-in method date of datetime.datetime object at 0x000002937BB69BD0>,"[9885, 2688, 7026, 8160, 8091, 3220, 3833, 3171, 7844, 9036, 2075, 3236, 5547, 3531, 4234, 9669, 3089]",Friedrichshain
118,9292,RebeccaMatthews1567,volley,15,<built-in method date of datetime.datetime object at 0x000002937BB69C00>,"[658, 6298, 5309, 8581, 489, 5538, 8660, 7855, 8629, 3257, 8330, 5579, 1683, 6938, 6596]",Berlin-Mitte
119,8259,InezMartin1102,rugby,19,<built-in method date of datetime.datetime object at 0x000002937BB69C30>,"[2383, 8600, 8178, 952, 5433, 4515, 2386, 3772, 7303, 6896, 5558, 5340, 3926, 9690, 3100, 8042, 1219, 4330, 1216]",Friedrichshain
120,1058,DavidRussell1593,volley,13,<built-in method date of datetime.datetime object at 0x000002937BB69C60>,"[4929, 6855, 8833, 6817, 6849, 9371, 7987, 8713, 449, 928, 7563, 3359, 889]",Neukolln
121,265,JenniferReeves397,basketball,10,<built-in method date of datetime.datetime object at 0x000002937BB69C90>,"[2725, 5601, 9411, 3919, 7308, 8282, 8737, 2349, 1090, 9325]",Charlottenburg
122,4168,DeborahHayden776,basketball,17,<built-in method date of datetime.datetime object at 0x000002937BB69CC0>,"[234, 6076, 1700, 8815, 9002, 8448, 5281, 8056, 7742, 2425, 9896, 9292, 2266, 8414, 4199, 4204, 8342]",Neukolln
123,2861,RufusBriggs1775,rugby,8,<built-in method date of datetime.datetime object at 0x000002937BB69CF0>,"[6520, 7016, 7277, 2239, 4310, 7993, 3492, 4784]",Neukolln
124,5715,JohnKirkland124,basketball,21,<built-in method date of datetime.datetime object at 0x000002937BB69D20>,"[4191, 6532, 5562, 6751, 2308, 6590, 1337, 420, 748, 141, 2752, 623, 5856, 5489, 9981, 4494, 1391, 3622, 5702, 5737, 3996]",Friedrichshain
125,2649,JesusLucas1146,basketball,11,<built-in method date of datetime.datetime object at 0x000002937BB69D50>,"[9138, 9605, 5742, 8919, 4475, 605, 259, 8418, 4409, 6598, 9092]",Berlin-Mitte
126,8552,MaryMcallister1726,football,13,<built-in method date of datetime.datetime object at 0x000002937BB69D80>,"[3691, 1177, 7603, 1931, 2993, 1512, 1630, 8011, 6026, 7591, 5531, 5488, 752]",Prenzlauer Berg
127,928,LeonardHollinger881,basketball,10,<built-in method date of datetime.datetime object at 0x000002937BB69DB0>,"[774, 5363, 4087, 9471, 6147, 3511, 3900, 9976, 9990, 6153]",Charlottenburg
128,3755,MatthewHamilton699,volley,16,<built-in method date of datetime.datetime object at 0x000002937BB69DE0>,"[3252, 768, 7937, 6194, 6133, 2079, 5518, 876, 1413, 21, 6645, 5201, 1569, 2900, 468, 8315]",Prenzlauer Berg
129,399,JasonMadden1399,basketball,10,<built-in method date of datetime.datetime object at 0x000002937BB69E10>,"[3806, 6400, 6684, 5296, 8436, 4557, 7803, 1990, 4414, 7883]",Neukolln
130,3292,MarkMilton1044,basketball,12,<built-in method date of datetime.datetime object at 0x000002937BB69E40>,"[7622, 5896, 70, 4890, 5189, 185, 7478, 1579, 2081, 9385, 8569, 817]",Charlottenburg
131,5090,JanetPreston1521,yoga,14,<built-in method date of datetime.datetime object at 0x000002937BB69E70>,"[5187, 9378, 20, 8651, 3224, 4503, 2459, 2658, 5946, 9831, 422, 5501, 37, 1125]",Friedrichshain
132,1329,LindaErrington739,basketball,12,<built-in method date of datetime.datetime object at 0x000002937BB69EA0>,"[3856, 51, 4983, 9487, 8656, 3975, 8893, 1012, 714, 7091, 5969, 6939]",Berlin-Mitte
133,1332,CharlesAdams1934,volley,10,<built-in method date of datetime.datetime object at 0x000002937BB69ED0>,"[8178, 6086, 3446, 9609, 4442, 1292, 3029, 7761, 5584, 5970]",Kreuzberg
134,3514,DawnSterling1740,football,10,<built-in method date of datetime.datetime object at 0x000002937BB69F00>,"[7744, 845, 6108, 6899, 7695, 7978, 6320, 7101, 4510, 6655]",Prenzlauer Berg
135,1041,RobinMartin145,football,18,<built-in method date of datetime.datetime object at 0x000002937BB69F30>,"[7044, 3808, 8809, 803, 3142, 6985, 2745, 7952, 9206, 8, 4425, 518, 5299, 6671, 3074, 1496, 9, 9108]",Neukolln
136,7753,OlgaTucker170,basketball,17,<built-in method date of datetime.datetime object at 0x000002937BB69F60>,"[8417, 6558, 3391, 5683, 6242, 3972, 4923, 4757, 1398, 1423, 3698, 7867, 1329, 387, 5565, 3573, 3478]",Neukolln
137,898,TamraBoatright910,basketball,9,<built-in method date of datetime.datetime object at 0x000002937BB69F90>,"[1937, 3325, 6865, 6257, 2465, 8800, 9807, 14, 6532]",Friedrichshain
138,7874,VirginiaStarling1890,basketball,20,<built-in method date of datetime.datetime object at 0x000002937BB69FC0>,"[4585, 5415, 2980, 7636, 5097, 4400, 3841, 1375, 6940, 7062, 2883, 7903, 7114, 8400, 8482, 928, 8141, 9862, 5438, 157]",Berlin-Mitte
139,8961,JasonMurphy409,yoga,12,<built-in method date of datetime.datetime object at 0x000002937BB68030>,"[5541, 8351, 7248, 1304, 410, 5583, 7488, 850, 1466, 4790, 499, 9443]",Charlottenburg
140,200,GlendaSieja1741,volley,17,<built-in method date of datetime.datetime object at 0x000002937BB68060>,"[6513, 3126, 4828, 8318, 9836, 7500, 8291, 3059, 5962, 9919, 5602, 4196, 60, 4790, 8776, 4965, 3736]",Charlottenburg
141,923,PatrickJohnson1271,volley,14,<built-in method date of datetime.datetime object at 0x000002937BB68090>,"[5372, 721, 2424, 7083, 3327, 6100, 5289, 1856, 2079, 7207, 2352, 4684, 584, 1491]",Charlottenburg
142,9632,DaleWalters555,volley,19,<built-in method date of datetime.datetime object at 0x000002937BB680C0>,"[4209, 2072, 6959, 3194, 3671, 4685, 606, 5101, 494, 3291, 8993, 5928, 8863, 2791, 3021, 1554, 732, 185, 6605]",Kreuzberg
143,2385,JosephLong1274,rugby,20,<built-in method date of datetime.datetime object at 0x000002937BB680F0>,"[7054, 5314, 1678, 3428, 302, 7673, 3598, 5666, 9450, 9444, 5517, 1708, 9216, 6887, 5786, 7888, 1878, 395, 3414, 9959]",Prenzlauer Berg
144,4550,DorothyHatch1628,football,15,<built-in method date of datetime.datetime object at 0x000002937BB68120>,"[1785, 4303, 8814, 3017, 4724, 5672, 8552, 1206, 5826, 2356, 9571, 6563, 4602, 4216, 3032]",Kreuzberg
145,7839,ChrisWalton27,yoga,16,<built-in method date of datetime.datetime object at 0x000002937BB68150>,"[5987, 956, 2778, 5396, 9664, 2918, 28, 5342, 4814, 6268, 1985, 6222, 3179, 5072, 6524, 1386]",Kreuzberg
146,7705,BarbaraRuth1040,yoga,8,<built-in method date of datetime.datetime object at 0x000002937BB68180>,"[1846, 3427, 3306, 7345, 8854, 6399, 9033, 2743]",Friedrichshain
147,348,JaneDean773,basketball,8,<built-in method date of datetime.datetime object at 0x000002937BB681B0>,"[5850, 2416, 120, 4160, 5451, 3657, 4927, 5504]",Berlin-Mitte
148,8560,ShizukoCarmley1536,yoga,12,<built-in method date of datetime.datetime object at 0x000002937BB681E0>,"[8208, 1491, 9726, 4922, 9093, 9775, 1231, 7772, 1647, 807, 958, 285]",Prenzlauer Berg
149,6448,JonathanWarren867,volley,12,<built-in method date of datetime.datetime object at 0x000002937BB68210>,"[2433, 8709, 63, 7609, 3222, 4363, 8928, 1809, 314, 8270, 3358, 94]",Neukolln
150,2955,DustinHalpin1806,yoga,22,<built-in method date of datetime.datetime object at 0x000002937BB68240>,"[7739, 6474, 3572, 6764, 5864, 8298, 7462, 6342, 2981, 9269, 7080, 2921, 9069, 4438, 4598, 1854, 6573, 2594, 2556, 1853, 3594, 153]",Charlottenburg
151,6162,WillConroy1360,volley,14,<built-in method date of datetime.datetime object at 0x000002937BB68270>,"[6943, 7406, 5532, 2336, 988, 5028, 1824, 8677, 9938, 1417, 8292, 7901, 9699, 9338]",Prenzlauer Berg
152,443,VioletGarcia1618,yoga,17,<built-in method date of datetime.datetime object at 0x000002937BB682A0>,"[7309, 8221, 7641, 7617, 7112, 7394, 1277, 6619, 6451, 1210, 9380, 3145, 3734, 3975, 8256, 3054, 160]",Neukolln
153,2497,ClaudiaBalfour1801,yoga,9,<built-in method date of datetime.datetime object at 0x000002937BB682D0>,"[5490, 7903, 7624, 6445, 6248, 1183, 1319, 1168, 2901]",Kreuzberg
154,9008,AudreyBodi1545,football,19,<built-in method date of datetime.datetime object at 0x000002937BB68300>,"[7443, 8644, 5162, 6254, 9549, 3521, 4943, 4049, 3928, 9962, 7719, 10, 1613, 295, 3008, 9048, 3217, 633, 6528]",Neukolln
155,8752,HaroldMiller1638,yoga,17,<built-in method date of datetime.datetime object at 0x000002937BB68330>,"[1708, 1719, 9772, 1261, 1711, 5623, 7194, 9342, 2034, 3108, 3859, 8841, 8348, 2236, 9973, 5700, 5950]",Friedrichshain
156,5138,MichaelLesky1520,rugby,21,<built-in method date of datetime.datetime object at 0x000002937BB68360>,"[7317, 6311, 8619, 4854, 2602, 473, 6909, 1216, 1324, 2813, 3133, 3076, 741, 6780, 7098, 8591, 3217, 3639, 5317, 3321, 7132]",Charlottenburg
157,7538,HarryRyan579,basketball,8,<built-in method date of datetime.datetime object at 0x000002937BB68390>,"[1690, 3687, 2775, 8158, 3822, 4679, 5147, 7232]",Charlottenburg
158,8084,TinaAguero321,yoga,10,<built-in method date of datetime.datetime object at 0x000002937BB683C0>,"[1249, 3872, 914, 7207, 5643, 6164, 8387, 7223, 4632, 1307]",Charlottenburg
159,9651,GeraldineRogers1140,rugby,21,<built-in method date of datetime.datetime object at 0x000002937BB683F0>,"[7759, 125, 1478, 3132, 6811, 8364, 3160, 9167, 1744, 2151, 8773, 2204, 8202, 8392, 7723, 8274, 7134, 3105, 1118, 105, 2374]",Charlottenburg
160,3447,RichardChan786,basketball,11,<built-in method date of datetime.datetime object at 0x000002937BB68420>,"[8564, 7900, 164, 3581, 7417, 6186, 9289, 4605, 4285, 6207, 4017]",Neukolln
161,4576,JenniferGoyco1779,volley,15,<built-in method date of datetime.datetime object at 0x000002937BB68450>,"[5820, 1562, 8282, 1708, 3451, 1892, 467, 9647, 9924, 415, 6981, 5771, 2117, 9116, 6253]",Prenzlauer Berg
162,6699,MargaretCavazos1038,basketball,18,<built-in method date of datetime.datetime object at 0x000002937BB68480>,"[4052, 2101, 6533, 4848, 7173, 1397, 4170, 8646, 7135, 3735, 3715, 820, 3975, 5380, 5128, 4439, 7683, 1301]",Charlottenburg
163,2570,DavidWestfield819,basketball,17,<built-in method date of datetime.datetime object at 0x000002937BB684B0>,"[4998, 7947, 1366, 2771, 9977, 2990, 2604, 3135, 8441, 182, 1977, 4609, 8353, 1421, 348, 5459, 1359]",Neukolln
164,5197,SantosJones1775,basketball,9,<built-in method date of datetime.datetime object at 0x000002937BB684E0>,"[1598, 5014, 1454, 3179, 455, 7803, 4738, 9741, 7865]",Prenzlauer Berg
165,7567,ReginaChilders812,volley,9,<built-in method date of datetime.datetime object at 0x000002937BB68510>,"[7585, 733, 4706, 1328, 7490, 311, 8669, 6127, 4933]",Kreuzberg
166,4777,KoryRubinstein1335,rugby,15,<built-in method date of datetime.datetime object at 0x000002937BB68540>,"[961, 4652, 3311, 1845, 3613, 3132, 3820, 6850, 7745, 1524, 3392, 7555, 4802, 7624, 4488]",Prenzlauer Berg
167,9375,RichardMcmahan593,rugby,21,<built-in method date of datetime.datetime object at 0x000002937BB68570>,"[3035, 4554, 2522, 8496, 8704, 1104, 9844, 561, 9440, 5401, 3493, 2169, 9768, 6814, 4834, 5510, 9009, 1092, 3288, 2983, 4243]",Charlottenburg
168,4897,ViolaColon339,yoga,20,<built-in method date of datetime.datetime object at 0x000002937BB685A0>,"[8053, 3474, 9822, 5331, 1287, 8001, 1034, 2291, 3728, 2193, 9530, 3163, 5382, 9775, 1689, 2425, 7802, 5408, 5071, 6830]",Berlin-Mitte
169,1579,FannyModica539,rugby,13,<built-in method date of datetime.datetime object at 0x000002937BB685D0>,"[5172, 7579, 3035, 9132, 9820, 6093, 9124, 4309, 9216, 348, 73, 7558, 7327]",Charlottenburg
170,1211,DawnTorres1314,rugby,19,<built-in method date of datetime.datetime object at 0x000002937BB68600>,"[1388, 920, 154, 7274, 2721, 4409, 7253, 102, 9440, 9191, 9793, 4946, 3113, 1783, 2511, 6616, 685, 2136, 9947]",Prenzlauer Berg
171,4453,RosalindDawkins1911,basketball,12,<built-in method date of datetime.datetime object at 0x000002937BB68630>,"[4849, 6482, 2015, 2212, 2429, 7789, 6312, 7011, 6783, 434, 1619, 1633]",Neukolln
172,6130,JamesPoe1732,volley,13,<built-in method date of datetime.datetime object at 0x000002937BB68660>,"[5980, 390, 6761, 3251, 7136, 8122, 8600, 3382, 7844, 5017, 4380, 7532, 4851]",Charlottenburg
173,663,IsabelMarlatt913,football,13,<built-in method date of datetime.datetime object at 0x000002937BB68690>,"[7193, 318, 7036, 3359, 449, 2706, 1545, 5627, 1661, 4560, 5182, 8840, 749]",Friedrichshain
174,4871,RamonCasillas717,basketball,21,<built-in method date of datetime.datetime object at 0x000002937BB686C0>,"[6089, 7094, 4653, 778, 9443, 2665, 815, 8028, 7885, 428, 1541, 9832, 1405, 2874, 733, 6393, 8833, 7245, 4651, 7635, 5052]",Prenzlauer Berg
175,343,NathanRooney1565,basketball,21,<built-in method date of datetime.datetime object at 0x000002937BB686F0>,"[5204, 5708, 1724, 6575, 2083, 9692, 5802, 3620, 8469, 9478, 9140, 2001, 3604, 5329, 3166, 5425, 6143, 8430, 509, 8163, 5232]",Charlottenburg
176,5759,MarcusYap1173,yoga,22,<built-in method date of datetime.datetime object at 0x000002937BB68720>,"[1150, 8048, 3360, 862, 3434, 1469, 5948, 8418, 4039, 1294, 2364, 4749, 3465, 7752, 6044, 8530, 9292, 9178, 7798, 1816, 4718, 6316]",Friedrichshain
177,2036,SaraTram251,yoga,18,<built-in method date of datetime.datetime object at 0x000002937BB68750>,"[9997, 4294, 6246, 8346, 8904, 2083, 206, 6892, 6855, 4339, 5026, 4968, 5526, 8871, 2045, 3460, 5870, 396]",Charlottenburg
178,2118,DeborahCarden587,volley,11,<built-in method date of datetime.datetime object at 0x000002937BB68780>,"[9878, 5857, 8744, 6975, 795, 1723, 6700, 9384, 885, 8315, 1753]",Friedrichshain
179,640,ElizabethWilson1315,rugby,11,<built-in method date of datetime.datetime object at 0x000002937BB687B0>,"[7266, 6529, 7532, 8759, 8393, 7770, 9978, 6668, 728, 4036, 2061]",Neukolln
180,832,MichaelTheel234,basketball,17,<built-in method date of datetime.datetime object at 0x000002937BB687E0>,"[9364, 2286, 2966, 3292, 6854, 6848, 7137, 8150, 1630, 234, 1735, 9056, 3182, 3919, 6502, 4886, 8907]",Berlin-Mitte
181,7809,MichaelWoods1441,basketball,14,<built-in method date of datetime.datetime object at 0x000002937BB68810>,"[7029, 7816, 616, 4326, 2353, 1135, 6912, 1968, 7307, 4544, 769, 759, 60, 6618]",Kreuzberg
182,7116,CliftonWilson869,yoga,20,<built-in method date of datetime.datetime object at 0x000002937BB68840>,"[2102, 8550, 8689, 823, 2446, 6861, 5577, 4457, 1748, 4759, 9399, 9092, 3402, 2292, 2165, 6269, 1409, 1932, 8218, 3937]",Neukolln
183,6893,NancyTorres1096,yoga,12,<built-in method date of datetime.datetime object at 0x000002937BB68870>,"[5321, 6380, 1520, 5528, 7839, 6818, 3141, 317, 723, 8866, 3689, 1456]",Neukolln
184,9905,ChristineCox481,volley,10,<built-in method date of datetime.datetime object at 0x000002937BB688A0>,"[2357, 6883, 6767, 2160, 1582, 8440, 6840, 8559, 8951, 6501]",Charlottenburg
185,6082,TinaLopez1609,football,15,<built-in method date of datetime.datetime object at 0x000002937BB688D0>,"[1320, 8719, 1052, 1426, 6659, 7383, 5419, 4607, 4737, 1551, 8337, 7000, 3585, 1927, 2349]",Friedrichshain
186,9347,JanieHelton752,rugby,9,<built-in method date of datetime.datetime object at 0x000002937BB68900>,"[3512, 5802, 6390, 5418, 5353, 2809, 7534, 6137, 7134]",Kreuzberg
187,4653,HeidiBurch1513,yoga,8,<built-in method date of datetime.datetime object at 0x000002937BB68930>,"[5396, 9250, 320, 1853, 4196, 6273, 7191, 5007]",Berlin-Mitte
188,7399,JacquelinTobon691,basketball,12,<built-in method date of datetime.datetime object at 0x000002937BB68960>,"[9392, 8489, 7435, 4690, 4034, 5374, 3991, 9972, 5453, 5287, 7569, 8896]",Kreuzberg
189,8270,AndrewVillanueva603,rugby,11,<built-in method date of datetime.datetime object at 0x000002937BB68990>,"[3098, 1083, 5606, 6140, 3443, 2861, 8348, 8049, 3005, 1363, 4181]",Berlin-Mitte
190,202,MarkMyers790,basketball,22,<built-in method date of datetime.datetime object at 0x000002937BB689C0>,"[1823, 2411, 7603, 551, 7582, 2744, 5256, 4299, 4004, 3510, 2349, 682, 4452, 7142, 8857, 4744, 5335, 5523, 2650, 3005, 3155, 9443]",Neukolln
191,8818,DeannaBarney1018,rugby,16,<built-in method date of datetime.datetime object at 0x000002937BB689F0>,"[5421, 8875, 168, 8999, 7582, 2107, 7363, 5555, 5801, 4676, 9038, 3639, 7513, 4052, 612, 7632]",Prenzlauer Berg
192,5649,MarionTorrence385,volley,17,<built-in method date of datetime.datetime object at 0x000002937BB68A20>,"[9673, 7992, 3637, 7027, 2224, 2910, 4739, 7454, 5117, 558, 4294, 8757, 4717, 7848, 2566, 4796, 9658]",Neukolln
193,9324,SonjaMaus64,yoga,8,<built-in method date of datetime.datetime object at 0x000002937BB68A50>,"[3353, 1721, 661, 4354, 690, 1337, 5997, 4026]",Friedrichshain
194,8222,ChesterGaynor1300,yoga,17,<built-in method date of datetime.datetime object at 0x000002937BB68A80>,"[756, 408, 6476, 9558, 1625, 5762, 4130, 8303, 4777, 4842, 7100, 9863, 2254, 3193, 5591, 6339, 8590]",Berlin-Mitte
195,5845,MelissaMalachi1435,basketball,15,<built-in method date of datetime.datetime object at 0x000002937BB68AB0>,"[9817, 8706, 3935, 7786, 8519, 7158, 1650, 3155, 6187, 2616, 9468, 1451, 3932, 6080, 7267]",Charlottenburg
196,6678,PricillaKissel1599,basketball,22,<built-in method date of datetime.datetime object at 0x000002937BB68AE0>,"[7761, 6126, 6421, 1926, 7229, 9319, 5699, 790, 7010, 7361, 1938, 7339, 8772, 1939, 6149, 4460, 693, 2141, 3758, 1927, 6045, 1925]",Friedrichshain
197,2111,MartinRose1287,yoga,13,<built-in method date of datetime.datetime object at 0x000002937BB68B10>,"[4726, 5594, 2463, 3007, 5891, 5498, 7276, 2699, 6500, 5486, 2138, 8411, 9580]",Neukolln
198,1737,MatthewButler1706,volley,12,<built-in method date of datetime.datetime object at 0x000002937BB68B40>,"[54, 751, 3111, 6909, 4319, 6969, 6523, 496, 4469, 8608, 3362, 1189]",Friedrichshain
199,2598,JenniferValentino1343,volley,11,<built-in method date of datetime.datetime object at 0x000002937BB68B70>,"[399, 1661, 3142, 855, 4750, 3380, 991, 3795, 1319, 5561, 1338]",Prenzlauer Berg
200,9176,ZacharyGibson548,football,9,<built-in method date of datetime.datetime object at 0x000002937BB68BA0>,"[2687, 7559, 2410, 3906, 5098, 5479, 7981, 5023, 4674]",Prenzlauer Berg
201,7124,DavidWaddell1153,rugby,8,<built-in method date of datetime.datetime object at 0x000002937BB68BD0>,"[8049, 6778, 7385, 859, 4755, 3223, 453, 2937]",Kreuzberg
202,4266,LillianWhite359,basketball,21,<built-in method date of datetime.datetime object at 0x000002937BB68C00>,"[8203, 148, 6671, 2228, 6895, 7292, 8105, 5423, 5838, 4938, 6058, 4616, 8312, 8892, 3809, 9630, 9099, 1923, 1883, 1770, 1123]",Prenzlauer Berg
203,8378,WalterCreed1087,yoga,12,<built-in method date of datetime.datetime object at 0x000002937BB68C30>,"[2846, 6301, 5178, 9955, 35, 5229, 791, 1398, 2980, 2087, 2970, 1618]",Neukolln
204,7816,BrianSnyder539,rugby,17,<built-in method date of datetime.datetime object at 0x000002937BB68C60>,"[5026, 2776, 706, 9050, 8181, 7652, 6419, 6066, 3956, 8407, 2893, 5977, 1655, 4926, 4654, 8257, 6865]",Berlin-Mitte
205,6964,ThereseMoorhouse1037,yoga,17,<built-in method date of datetime.datetime object at 0x000002937BB68C90>,"[9319, 4880, 6561, 8856, 7307, 3320, 20, 9888, 4611, 495, 6116, 3741, 3317, 5980, 678, 2723, 6368]",Prenzlauer Berg
206,1476,AnthonyCarr495,football,18,<built-in method date of datetime.datetime object at 0x000002937BB68CC0>,"[2185, 9076, 791, 6875, 1875, 6067, 949, 732, 166, 1089, 5925, 3485, 6061, 7485, 1177, 2652, 999, 1235]",Friedrichshain
207,9598,KristaHaw333,yoga,13,<built-in method date of datetime.datetime object at 0x000002937BB68CF0>,"[3177, 6506, 5202, 3061, 8522, 8713, 1010, 6260, 3184, 3187, 8472, 1786, 9377]",Friedrichshain
208,2213,JohnCamargo244,basketball,21,<built-in method date of datetime.datetime object at 0x000002937BB68D20>,"[7019, 537, 9371, 2403, 2720, 6103, 3014, 4088, 3293, 2451, 228, 6495, 5442, 1065, 4356, 8252, 8093, 1016, 517, 7511, 7875]",Berlin-Mitte
209,210,AnthonySmith634,football,12,<built-in method date of datetime.datetime object at 0x000002937BB68D50>,"[9516, 1955, 3368, 4248, 6292, 7397, 1347, 1377, 1289, 6943, 4003, 5522]",Prenzlauer Berg
210,1514,DavidGunther1127,volley,16,<built-in method date of datetime.datetime object at 0x000002937BB68D80>,"[5432, 9042, 2997, 365, 2605, 6221, 1366, 7549, 2969, 4504, 8223, 2282, 8914, 9710, 2413, 2166]",Neukolln
211,7341,BelindaSchmitz1717,rugby,18,<built-in method date of datetime.datetime object at 0x000002937BB68DB0>,"[6911, 7665, 2415, 2973, 974, 9508, 7533, 8107, 1425, 9566, 9894, 8692, 731, 3868, 5173, 9263, 34, 680]",Prenzlauer Berg
212,3709,HolleyWilliams69,rugby,17,<built-in method date of datetime.datetime object at 0x000002937BB68DE0>,"[2995, 7389, 3491, 4436, 405, 2950, 2308, 9161, 3494, 5933, 5768, 3062, 1818, 9200, 2864, 5465, 6790]",Kreuzberg
213,3010,CynthiaArehart1167,volley,15,<built-in method date of datetime.datetime object at 0x000002937BB68E10>,"[7838, 6134, 7701, 4794, 7295, 3390, 1101, 370, 9501, 1939, 88, 5470, 9671, 6872, 8410]",Berlin-Mitte
214,3618,CrystalTrautman778,football,18,<built-in method date of datetime.datetime object at 0x000002937BB68E40>,"[5471, 2203, 1110, 8437, 3406, 7183, 7705, 8195, 3996, 32, 7320, 4551, 3469, 8277, 784, 2903, 5503, 8075]",Berlin-Mitte
215,6908,GaryReed1361,yoga,14,<built-in method date of datetime.datetime object at 0x000002937BB68E70>,"[7723, 1875, 1086, 3978, 6920, 9279, 1732, 3220, 2043, 0, 4484, 8525, 9652, 5379]",Berlin-Mitte
216,3573,AndreaBusby198,yoga,19,<built-in method date of datetime.datetime object at 0x000002937BB68EA0>,"[1130, 6593, 7428, 9716, 8213, 1270, 1740, 3524, 710, 6698, 6255, 2619, 6905, 502, 6983, 5530, 1833, 9018, 6790]",Prenzlauer Berg
217,2010,MarilynCarter1505,football,15,<built-in method date of datetime.datetime object at 0x000002937BB68ED0>,"[1647, 7959, 5409, 45, 1859, 3680, 8737, 3949, 5900, 7919, 326, 391, 984, 7018, 2197]",Friedrichshain
218,2313,MelissaMagrath670,rugby,14,<built-in method date of datetime.datetime object at 0x000002937BB68F00>,"[2529, 4606, 5811, 7475, 2242, 2579, 4717, 5919, 2405, 7604, 5702, 4498, 2654, 1750]",Charlottenburg
219,9904,RichardLong1768,rugby,16,<built-in method date of datetime.datetime object at 0x000002937BB68F30>,"[4255, 5317, 8395, 2361, 5089, 5784, 1004, 9821, 9603, 8584, 9088, 9725, 3139, 6960, 5179, 4094]",Neukolln
220,3726,EdwardHernandez1667,rugby,11,<built-in method date of datetime.datetime object at 0x000002937BB68F60>,"[3333, 9723, 9012, 8246, 5508, 1037, 2189, 6004, 5465, 9931, 3107]",Charlottenburg
221,7530,ChristopherCrosby959,yoga,10,<built-in method date of datetime.datetime object at 0x000002937BB68F90>,"[9779, 5533, 3699, 353, 753, 8290, 497, 7931, 8965, 5360]",Neukolln
222,4673,JessicaWaibel1107,volley,11,<built-in method date of datetime.datetime object at 0x000002937BB68FC0>,"[9827, 5353, 7104, 298, 7138, 2972, 9794, 7447, 2888, 3046, 6130]",Friedrichshain
223,8839,ArleneMarsh518,football,18,<built-in method date of datetime.datetime object at 0x000002937BB6A030>,"[9517, 4624, 9045, 3407, 5942, 3763, 4710, 5702, 5824, 903, 8097, 4845, 6043, 3678, 6796, 6611, 6390, 9639]",Berlin-Mitte
224,3814,AudreyGunter1373,volley,8,<built-in method date of datetime.datetime object at 0x000002937BB6A060>,"[2099, 1850, 2256, 9953, 1310, 9055, 9591, 7770]",Kreuzberg
225,5025,LucasKeeton1918,volley,21,<built-in method date of datetime.datetime object at 0x000002937BB6A090>,"[2307, 9852, 9483, 9834, 6795, 3761, 807, 5530, 8788, 9911, 3170, 3833, 7859, 5843, 1924, 8955, 1417, 9485, 3455, 6260, 1329]",Friedrichshain
226,9065,DouglasDoss1878,yoga,11,<built-in method date of datetime.datetime object at 0x000002937BB6A0C0>,"[2628, 938, 4333, 3959, 5579, 7677, 3236, 9298, 420, 3353, 7409]",Berlin-Mitte
227,3935,RickeyConstantine1520,basketball,17,<built-in method date of datetime.datetime object at 0x000002937BB6A0F0>,"[5289, 2171, 2717, 2418, 988, 6833, 2314, 7253, 7575, 3689, 9559, 3008, 8694, 3133, 1611, 5054, 426]",Friedrichshain
228,3375,BeverlyWilliams15,football,12,<built-in method date of datetime.datetime object at 0x000002937BB6A120>,"[8692, 9578, 6938, 5123, 5151, 2163, 5273, 3191, 6625, 7105, 2203, 9114]",Charlottenburg
229,9483,ArlineBlocher1074,basketball,13,<built-in method date of datetime.datetime object at 0x000002937BB6A150>,"[977, 7906, 2706, 1571, 3239, 7909, 193, 4781, 2278, 2450, 3787, 2414, 9979]",Friedrichshain
230,39,JuanTetreault473,basketball,18,<built-in method date of datetime.datetime object at 0x000002937BB6A180>,"[7602, 7202, 948, 5901, 5667, 5873, 3491, 3993, 4559, 3952, 5289, 6479, 8015, 6218, 7262, 677, 2663, 3077]",Berlin-Mitte
231,9749,MarieBerardi1211,football,15,<built-in method date of datetime.datetime object at 0x000002937BB6A1B0>,"[124, 3470, 8233, 7356, 6020, 5297, 3790, 388, 2304, 9572, 8440, 6151, 3954, 2527, 4980]",Berlin-Mitte
232,4026,LawrenceDay1013,football,17,<built-in method date of datetime.datetime object at 0x000002937BB6A1E0>,"[866, 2893, 890, 8060, 1648, 4328, 1701, 7854, 1184, 8662, 9612, 6056, 6866, 8640, 1293, 7676, 1314]",Berlin-Mitte
233,5465,CathyNelson1562,volley,8,<built-in method date of datetime.datetime object at 0x000002937BB6A210>,"[7604, 7957, 2277, 8113, 716, 364, 5297, 6080]",Neukolln
234,8389,MargaretSoldner292,basketball,21,<built-in method date of datetime.datetime object at 0x000002937BB6A240>,"[3597, 7424, 8055, 3662, 155, 619, 8707, 1156, 2701, 9987, 7962, 3777, 1212, 3913, 9042, 2399, 5932, 1461, 4421, 9254, 8001]",Berlin-Mitte
235,4549,BarbaraRoberts1590,basketball,16,<built-in method date of datetime.datetime object at 0x000002937BB6A270>,"[6660, 6545, 3169, 6331, 4898, 387, 5579, 9118, 629, 6992, 6032, 7147, 4031, 3317, 160, 9950]",Friedrichshain
236,9990,WilmaNorstrom1136,basketball,21,<built-in method date of datetime.datetime object at 0x000002937BB6A2A0>,"[3565, 2602, 3859, 4577, 5818, 5202, 3085, 9751, 4864, 6473, 7769, 5390, 1914, 3982, 5528, 413, 6112, 2600, 6815, 8482, 4316]",Berlin-Mitte
237,2464,BlakeHill1539,volley,17,<built-in method date of datetime.datetime object at 0x000002937BB6A2D0>,"[3529, 647, 6958, 776, 2741, 297, 3910, 4807, 5990, 4029, 7623, 4532, 1928, 1421, 323, 9718, 2162]",Charlottenburg
238,3795,JimDove1668,volley,14,<built-in method date of datetime.datetime object at 0x000002937BB6A300>,"[2334, 5219, 8705, 4032, 5033, 3870, 4619, 4358, 6930, 6058, 7132, 907, 9427, 870]",Prenzlauer Berg
239,1837,KarenCaldwell54,basketball,11,<built-in method date of datetime.datetime object at 0x000002937BB6A330>,"[7137, 95, 1639, 7714, 8114, 2125, 7334, 7329, 4538, 2362, 9749]",Prenzlauer Berg
240,4236,ChantelleVasquez1205,football,8,<built-in method date of datetime.datetime object at 0x000002937BB6A360>,"[9316, 1061, 3265, 8095, 6992, 9728, 4036, 6355]",Friedrichshain
241,9864,TerryKellar1652,rugby,16,<built-in method date of datetime.datetime object at 0x000002937BB6A390>,"[2773, 1699, 3144, 4942, 8376, 6361, 3808, 9628, 9221, 3969, 8764, 7366, 4322, 9718, 4283, 1939]",Prenzlauer Berg
242,6517,RosaWillis85,basketball,21,<built-in method date of datetime.datetime object at 0x000002937BB6A3C0>,"[708, 1571, 8270, 7937, 5562, 4558, 2019, 8911, 9234, 8718, 975, 261, 3992, 8568, 7303, 7607, 3189, 993, 4651, 9195, 3648]",Neukolln
243,4348,DeannaRush528,volley,21,<built-in method date of datetime.datetime object at 0x000002937BB6A3F0>,"[2522, 6506, 5362, 6542, 6520, 3680, 2318, 1394, 5400, 9253, 1521, 5133, 435, 2896, 3802, 45, 113, 1841, 6101, 1475, 1660]",Friedrichshain
244,5186,MelodeeBaker1840,football,13,<built-in method date of datetime.datetime object at 0x000002937BB6A420>,"[6069, 2195, 8959, 8023, 6487, 2089, 4602, 8136, 1758, 8953, 7942, 1384, 5841]",Kreuzberg
245,2656,BrianBurns1118,football,21,<built-in method date of datetime.datetime object at 0x000002937BB6A450>,"[4258, 3711, 4695, 9193, 734, 5652, 937, 2580, 3985, 823, 6647, 8549, 2915, 4738, 2429, 2105, 3759, 9275, 5453, 257, 2944]",Charlottenburg
246,7952,LeslieKerney1287,rugby,19,<built-in method date of datetime.datetime object at 0x000002937BB6A480>,"[2092, 7786, 5385, 4571, 7458, 1323, 4147, 6996, 5714, 1337, 3937, 448, 9623, 9272, 6495, 6549, 8891, 7519, 2255]",Prenzlauer Berg
247,747,ChristopherZiegler1698,basketball,12,<built-in method date of datetime.datetime object at 0x000002937BB6A4B0>,"[7973, 2950, 2459, 3228, 7771, 9117, 2276, 5294, 1343, 9501, 5010, 1071]",Neukolln
248,6237,JohnHolter1714,volley,14,<built-in method date of datetime.datetime object at 0x000002937BB6A4E0>,"[8229, 9804, 3922, 1032, 9657, 6094, 8919, 6863, 2728, 3006, 338, 4659, 4356, 5513]",Prenzlauer Berg
249,1741,AntoniaKalar912,football,10,<built-in method date of datetime.datetime object at 0x000002937BB6A510>,"[382, 2595, 3445, 1475, 9450, 8090, 3431, 9355, 2282, 6110]",Friedrichshain
250,1378,RandallCope895,football,10,<built-in method date of datetime.datetime object at 0x000002937BB6A540>,"[1513, 814, 8641, 8424, 4890, 3936, 4177, 3321, 3079, 3532]",Friedrichshain
251,2632,PhillipMckenzie1831,football,11,<built-in method date of datetime.datetime object at 0x000002937BB6A570>,"[8098, 9034, 6679, 6001, 8342, 1715, 2343, 8765, 9272, 1531, 4176]",Berlin-Mitte
252,8244,ReneeGest393,rugby,21,<built-in method date of datetime.datetime object at 0x000002937BB6A5A0>,"[1935, 1013, 2598, 3332, 939, 7399, 3111, 2669, 8337, 9267, 1029, 1334, 2534, 4727, 3148, 3432, 7682, 4103, 5967, 7260, 8558]",Neukolln
253,7352,LawrenceFranklin184,basketball,17,<built-in method date of datetime.datetime object at 0x000002937BB6A5D0>,"[7079, 9974, 4039, 8481, 7506, 307, 7277, 9929, 4564, 3562, 8732, 4527, 1680, 7585, 1682, 8943, 6148]",Berlin-Mitte
254,2225,PamelaNord1049,basketball,16,<built-in method date of datetime.datetime object at 0x000002937BB6A600>,"[1387, 8981, 8152, 9358, 459, 2021, 9224, 8938, 8385, 432, 9004, 6382, 5583, 3155, 3386, 1276]",Friedrichshain
255,1199,MaryPham1229,volley,12,<built-in method date of datetime.datetime object at 0x000002937BB6A630>,"[1726, 9409, 4241, 2836, 5334, 7888, 2472, 4601, 219, 3294, 5957, 6507]",Charlottenburg
256,910,RochelleMuddaththir593,rugby,13,<built-in method date of datetime.datetime object at 0x000002937BB6A660>,"[1728, 4164, 2697, 2811, 5979, 8887, 8109, 3227, 2918, 3944, 139, 3113, 2976]",Neukolln
257,3976,GordonRangnow875,rugby,20,<built-in method date of datetime.datetime object at 0x000002937BB6A690>,"[459, 3178, 8555, 6050, 1287, 2915, 9755, 7863, 4515, 2172, 5051, 6661, 4321, 8549, 4155, 4690, 7017, 6995, 5984, 5415]",Neukolln
258,86,LorettaJones382,yoga,22,<built-in method date of datetime.datetime object at 0x000002937BB6A6C0>,"[8684, 5171, 5010, 4245, 4157, 6190, 7875, 5408, 6865, 935, 9548, 2267, 2925, 2217, 6393, 4069, 1684, 6289, 8929, 6799, 2013, 4622]",Prenzlauer Berg
259,7233,TheresaBarba317,yoga,20,<built-in method date of datetime.datetime object at 0x000002937BB6A6F0>,"[3215, 4176, 7551, 7009, 6009, 1213, 3554, 5766, 3614, 7174, 9420, 9396, 2376, 4092, 7691, 3212, 493, 1364, 3907, 1261]",Friedrichshain
260,7437,CharlesRawlins1178,volley,11,<built-in method date of datetime.datetime object at 0x000002937BB6A720>,"[7976, 9639, 2511, 2750, 5109, 5048, 8232, 9187, 8815, 5911, 9039]",Prenzlauer Berg
261,3640,FrankAnderson442,yoga,20,<built-in method date of datetime.datetime object at 0x000002937BB6A750>,"[3772, 3279, 9849, 8109, 4471, 9249, 7427, 4970, 1433, 7416, 3537, 8734, 8077, 8123, 498, 9840, 6482, 5564, 413, 8160]",Friedrichshain
262,1541,LarryWood1415,rugby,17,<built-in method date of datetime.datetime object at 0x000002937BB6A780>,"[6531, 5477, 8450, 134, 7092, 6285, 4587, 5756, 5619, 882, 7790, 5944, 7020, 3193, 743, 5671, 6592]",Prenzlauer Berg
263,8447,HenryEdwards865,rugby,12,<built-in method date of datetime.datetime object at 0x000002937BB6A7B0>,"[4703, 1192, 7214, 6161, 1906, 2532, 7447, 5732, 7811, 331, 3444, 2031]",Berlin-Mitte
264,8141,MelissaMcevoy703,football,21,<built-in method date of datetime.datetime object at 0x000002937BB6A7E0>,"[7648, 3101, 1728, 9719, 2970, 2257, 3118, 3107, 1184, 6724, 896, 5412, 8725, 3388, 7611, 610, 1234, 2058, 977, 6986, 2512]",Charlottenburg
265,4627,BeverlyJohnson1574,basketball,20,<built-in method date of datetime.datetime object at 0x000002937BB6A810>,"[3914, 9679, 1274, 4644, 2409, 791, 9471, 5779, 4608, 7908, 206, 8907, 5457, 1542, 4908, 4266, 7277, 9195, 1633, 3759]",Berlin-Mitte
266,6078,VirgilBeavers151,rugby,15,<built-in method date of datetime.datetime object at 0x000002937BB6A840>,"[7113, 313, 46, 6546, 2123, 7028, 6356, 4420, 6193, 548, 6018, 7310, 55, 156, 6025]",Charlottenburg
267,5561,MichellMiller452,volley,20,<built-in method date of datetime.datetime object at 0x000002937BB6A870>,"[1179, 5336, 658, 8640, 4735, 54, 9217, 1524, 7684, 8045, 5139, 6628, 917, 205, 4778, 2007, 6324, 7876, 8644, 1525]",Charlottenburg
268,6320,TraceySherwood799,football,8,<built-in method date of datetime.datetime object at 0x000002937BB6A8A0>,"[8168, 5092, 7001, 3629, 2725, 5456, 1478, 3410]",Prenzlauer Berg
269,9239,RubyYoung105,rugby,16,<built-in method date of datetime.datetime object at 0x000002937BB6A8D0>,"[4584, 5444, 5281, 4572, 2743, 150, 1807, 1191, 906, 2318, 6114, 4104, 9351, 2793, 422, 9587]",Neukolln
270,1941,BarbaraMilhorn996,basketball,14,<built-in method date of datetime.datetime object at 0x000002937BB6A900>,"[4169, 6356, 5315, 6602, 7534, 3640, 8778, 9383, 7136, 2579, 7655, 7586, 784, 3337]",Berlin-Mitte
271,6272,DanaVasallo260,yoga,19,<built-in method date of datetime.datetime object at 0x000002937BB6A930>,"[5951, 1395, 9366, 5754, 9100, 2281, 204, 5521, 4431, 1649, 1808, 4923, 6630, 3584, 4770, 2636, 1391, 9851, 3181]",Kreuzberg
272,5486,BerthaMadison1917,football,22,<built-in method date of datetime.datetime object at 0x000002937BB6A960>,"[8585, 9266, 9861, 1843, 1429, 2806, 2684, 6925, 7250, 2255, 4153, 9833, 510, 4060, 3718, 8622, 3634, 9393, 1130, 4586, 759, 8078]",Kreuzberg
273,6851,JohnHerd858,volley,18,<built-in method date of datetime.datetime object at 0x000002937BB6A990>,"[5149, 1187, 6056, 3901, 4543, 6067, 3999, 3925, 5298, 6894, 1720, 7665, 6315, 8967, 7525, 9384, 3483, 2836]",Charlottenburg
274,6009,JamieSnyder1296,football,8,<built-in method date of datetime.datetime object at 0x000002937BB6A9C0>,"[9211, 2058, 6712, 6591, 1006, 6977, 7408, 705]",Friedrichshain
275,7907,ReginaldHenderson1870,football,21,<built-in method date of datetime.datetime object at 0x000002937BB6A9F0>,"[5150, 7344, 7223, 218, 6976, 2995, 3702, 7172, 6224, 9585, 7602, 6003, 7894, 4706, 144, 150, 1983, 9036, 2391, 95, 2924]",Prenzlauer Berg
276,5028,GeorgeRausch1169,volley,10,<built-in method date of datetime.datetime object at 0x000002937BB6AA20>,"[9072, 4267, 6773, 7832, 6824, 9367, 722, 6839, 4326, 3880]",Berlin-Mitte
277,956,RobertoSpain568,football,17,<built-in method date of datetime.datetime object at 0x000002937BB6AA50>,"[102, 323, 385, 5058, 9645, 4966, 2542, 7707, 1001, 8337, 2245, 3577, 4011, 3929, 950, 4767, 3695]",Neukolln
278,2958,WilfordHoskins534,volley,18,<built-in method date of datetime.datetime object at 0x000002937BB6AA80>,"[9636, 1250, 3522, 263, 206, 9395, 7809, 3102, 8101, 3973, 7641, 4005, 7624, 6409, 5182, 9616, 669, 9927]",Berlin-Mitte
279,7146,BenniePowell908,rugby,12,<built-in method date of datetime.datetime object at 0x000002937BB6AAB0>,"[2702, 4076, 6454, 7102, 5143, 4796, 308, 2313, 7656, 7305, 6447, 1707]",Charlottenburg
280,4024,CarolRuiz69,yoga,12,<built-in method date of datetime.datetime object at 0x000002937BB6AAE0>,"[7144, 3495, 7208, 8380, 875, 4860, 7402, 7242, 8011, 31, 1921, 9120]",Kreuzberg
281,1697,DanielFallon1184,football,15,<built-in method date of datetime.datetime object at 0x000002937BB6AB10>,"[8263, 6925, 1203, 1851, 1695, 1616, 5557, 5973, 7057, 4744, 3441, 8842, 3903, 2241, 5384]",Berlin-Mitte
282,5329,AnthonyBailey1487,football,22,<built-in method date of datetime.datetime object at 0x000002937BB6AB40>,"[3063, 386, 7207, 619, 6500, 5734, 4058, 358, 2705, 5842, 9601, 2338, 5180, 7933, 2855, 375, 7543, 3026, 3184, 3884, 3738, 979]",Prenzlauer Berg
283,4221,MarcPierce346,football,14,<built-in method date of datetime.datetime object at 0x000002937BB6AB70>,"[613, 7027, 1008, 4228, 4298, 7116, 963, 9601, 5486, 2183, 1551, 3188, 1757, 7514]",Neukolln
284,4969,TashaStrom593,football,22,<built-in method date of datetime.datetime object at 0x000002937BB6ABA0>,"[534, 5964, 6070, 3952, 1212, 396, 941, 1113, 271, 9390, 9110, 7433, 2696, 1915, 6653, 1493, 2540, 5144, 3035, 9018, 7909, 3014]",Prenzlauer Berg
285,3952,FrankieGuzman575,football,16,<built-in method date of datetime.datetime object at 0x000002937BB6ABD0>,"[3393, 5653, 8237, 1613, 9017, 1125, 4446, 4438, 7117, 9737, 8477, 2021, 6376, 949, 4825, 6625]",Friedrichshain
286,9113,RobertKeen1238,yoga,15,<built-in method date of datetime.datetime object at 0x000002937BB6AC00>,"[3587, 802, 8504, 3185, 5516, 7162, 7044, 8820, 8219, 3420, 8425, 5042, 4818, 3590, 1821]",Berlin-Mitte
287,4789,KimberlySuarez745,yoga,8,<built-in method date of datetime.datetime object at 0x000002937BB6AC30>,"[9827, 4560, 8181, 5878, 1917, 793, 2486, 7224]",Prenzlauer Berg
288,6942,JaniceRamos1847,basketball,13,<built-in method date of datetime.datetime object at 0x000002937BB6AC60>,"[1243, 9170, 4019, 5268, 7066, 9422, 4627, 4852, 6644, 7795, 9421, 8948, 7109]",Neukolln
289,2848,ShereeQuinn1220,volley,22,<built-in method date of datetime.datetime object at 0x000002937BB6AC90>,"[5781, 4594, 4821, 4567, 4156, 6961, 2948, 5178, 663, 9086, 7661, 8734, 6127, 6037, 5293, 843, 9449, 6502, 1606, 8159, 8765, 9315]",Kreuzberg
290,6237,JohnHolter1714,volley,9,<built-in method date of datetime.datetime object at 0x000002937BB6ACC0>,"[2567, 5825, 3363, 9745, 3976, 4506, 543, 8641, 2538]",Neukolln
291,2992,RichardFox1558,football,13,<built-in method date of datetime.datetime object at 0x000002937BB6ACF0>,"[4098, 338, 2142, 6804, 2854, 5337, 8388, 1121, 1444, 5650, 6842, 9911, 7370]",Prenzlauer Berg
292,6135,GeorgePaquet1431,volley,22,<built-in method date of datetime.datetime object at 0x000002937BB6AD20>,"[325, 6619, 138, 446, 4825, 6486, 9123, 7289, 8573, 9753, 523, 9129, 4211, 2926, 4723, 3442, 148, 5411, 861, 9400, 2468, 4221]",Charlottenburg
293,5169,DanielMann1205,rugby,17,<built-in method date of datetime.datetime object at 0x000002937BB6AD50>,"[2157, 2312, 6001, 1073, 3186, 5779, 9420, 2977, 942, 5317, 6255, 4938, 6596, 2915, 1129, 5893, 3800]",Charlottenburg
294,6615,ChristopherStewart437,volley,19,<built-in method date of datetime.datetime object at 0x000002937BB6AD80>,"[5071, 3529, 9546, 7715, 3905, 6594, 7891, 5703, 9781, 7390, 7564, 7533, 9796, 5677, 2002, 9071, 6692, 796, 6399]",Kreuzberg
295,4333,GayleMendiola684,rugby,13,<built-in method date of datetime.datetime object at 0x000002937BB6ADB0>,"[5407, 7639, 5668, 6591, 196, 945, 4955, 939, 4435, 9802, 5554, 886, 87]",Berlin-Mitte
296,1958,GuyCoy1795,volley,13,<built-in method date of datetime.datetime object at 0x000002937BB6ADE0>,"[6142, 4713, 3360, 2995, 4380, 1504, 9458, 5401, 7499, 7573, 8059, 3270, 4776]",Friedrichshain
297,6584,SuzanneMcfall782,rugby,10,<built-in method date of datetime.datetime object at 0x000002937BB6AE10>,"[9388, 5174, 4646, 9657, 3062, 5519, 945, 5996, 273, 6414]",Charlottenburg
298,3789,PeggyMcleod610,rugby,13,<built-in method date of datetime.datetime object at 0x000002937BB6AE40>,"[2134, 514, 9360, 5523, 6396, 3500, 8262, 1923, 6038, 9358, 4714, 1794, 2504]",Kreuzberg
299,4897,ViolaColon339,volley,19,<built-in method date of datetime.datetime object at 0x000002937BB6AE70>,"[5718, 8632, 161, 506, 2541, 7358, 1611, 6656, 5336, 5199, 8893, 7114, 9113, 8691, 9379, 4324, 4890, 9709, 5835]",Kreuzberg
